ITEM_01	N03_CTRL_r2.txt
ITEM_02	N04_CTRL_r3.txt
ITEM_03	N07_CTRL_r1.txt
ITEM_04	N05_ARM_r3.txt
ITEM_05	N02_CTRL_r1.txt
ITEM_06	N07_ARM_r1.txt
ITEM_07	N02_CTRL_r2.txt
ITEM_08	N05_ARM_r1.txt
ITEM_09	N06_CTRL_r1.txt
ITEM_10	N01_ARM_r2.txt
ITEM_11	N04_ARM_r1.txt
ITEM_12	N06_ARM_r3.txt
ITEM_13	N08_CTRL_r2.txt
ITEM_14	N02_ARM_r2.txt
ITEM_15	N04_CTRL_r1.txt
ITEM_16	N03_ARM_r1.txt
ITEM_17	N07_CTRL_r2.txt
ITEM_18	N04_CTRL_r2.txt
ITEM_19	N02_CTRL_r3.txt
ITEM_20	N03_CTRL_r3.txt
ITEM_21	N08_CTRL_r3.txt
ITEM_22	N08_CTRL_r1.txt
ITEM_23	N02_ARM_r3.txt
ITEM_24	N06_ARM_r1.txt
ITEM_25	N05_CTRL_r2.txt
ITEM_26	N01_CTRL_r1.txt
ITEM_27	N07_CTRL_r3.txt
ITEM_28	N07_ARM_r3.txt
ITEM_29	N06_CTRL_r2.txt
ITEM_30	N03_ARM_r3.txt
ITEM_31	N06_CTRL_r3.txt
ITEM_32	N08_ARM_r1.txt
ITEM_33	N01_CTRL_r3.txt
ITEM_34	N02_ARM_r1.txt
ITEM_35	N03_CTRL_r1.txt
ITEM_36	N05_ARM_r2.txt
ITEM_37	N01_ARM_r1.txt
ITEM_38	N07_ARM_r2.txt
ITEM_39	N04_ARM_r2.txt
ITEM_40	N01_ARM_r3.txt
ITEM_41	N01_CTRL_r2.txt
ITEM_42	N06_ARM_r2.txt
ITEM_43	N04_ARM_r3.txt
ITEM_44	N08_ARM_r2.txt
ITEM_45	N08_ARM_r3.txt
ITEM_46	N05_CTRL_r3.txt
ITEM_47	N03_ARM_r2.txt
ITEM_48	N05_CTRL_r1.txt
